{
"Porosity":0.203317,
"K_lbm":1.143591e-01
}